{
	"zipInfo": {
		"creatorName": "Theming Engine",
		"creatorVersion": "1.70.1",
		"created": "2022-09-22T13:24:59Z",
		"lessVersion": "1.6.3",
		"compression": "none",
		"exportMode": "DESIGNTIME"
	},
	"contentInfo": {
		"sourcePath": "https://sapworkzonedemo.cpp.cfapps.eu10.hana.ondemand.com/comsapuitheming.themedesigner/theming-repository/sap-themes/~v=Base:11.1.41,UR:10.30.7.345520.0,UI5:1.106.0",
		"frameworks": {
			"UR": {
				"version": "10.30.7.345520.0"
			},
			"UI5": {
				"version": "1.106.0"
			},
			"Base": {
				"version": "11.1.41"
			}
		},
		"libraries": {
			"UR.baseLib": {
				"version": "10.30.7.345520.0"
			},
			"UI5.sap/esh/search/ui": {
				"version": "1.106.0"
			},
			"UI5.sap/f": {
				"version": "1.106.0"
			},
			"UI5.sap/m": {
				"version": "1.106.0"
			},
			"UI5.sap/suite/ui/microchart": {
				"version": "1.106.0"
			},
			"UI5.sap/ui/core": {
				"version": "1.106.0"
			},
			"UI5.sap/ui/export": {
				"version": "1.106.0"
			},
			"UI5.sap/ui/layout": {
				"version": "1.106.0"
			},
			"UI5.sap/ui/unified": {
				"version": "1.106.0"
			},
			"UI5.sap/ui/vbm": {
				"version": "1.106.0"
			},
			"UI5.sap/ui/vk": {
				"version": "1.106.0"
			},
			"UI5.sap/ushell": {
				"version": "1.106.0"
			},
			"Base.baseLib": {
				"version": "11.1.41"
			}
		},
		"themes": {
			"Mahlwerk_horizon_dark": {
				"id": "Mahlwerk_horizon_dark",
				"extends": "sap_horizon_dark",
				"label": "Custom Evening Horizon",
				"vendor": "",
				"textDirections": "LTR"
			}
		}
	}
}